Luminance_cd/m2,Chromaticity_x,Chromaticity_y
245.71846983497193,0.2987675880164582,0.3033866467591909
349.8672723291793,0.31851392089041647,0.3119793404144332
314.1489249025996,0.32077225813827764,0.3464438518550853
224.6852643040954,0.2950092887608972,0.342915552816695
271.0699874015732,0.3171234748440548,0.30719449314050223
382.5718268548576,0.28197250280124175,0.3232883975423238
178.66603783034628,0.3069601163925167,0.33695230882386606
278.55436855719114,0.2929862796058249,0.3358873988701604
363.2968129352767,0.29788450989704274,0.3055924920418743
256.6629798867449,0.29085883971783477,0.33390014523245765
266.05569241889725,0.31830439593008475,0.3208822105376315
295.26455155315546,0.318308117056478,0.3479800185741887
374.56948130621436,0.29963199332000834,0.3269973034102345
268.05490016576744,0.31563373459665395,0.3353893120563341
277.8009020176967,0.31391908829703064,0.32836319088778343
278.28243621907416,0.30807322368499834,0.3399966669047727
410.2965041362728,0.3423725529937537,0.31847895868485426
409.33930444868935,0.2973868207429021,0.3400237994201846
350.2026948939439,0.31021457636069705,0.34813444230011065
319.3093199587428,0.30426419456056664,0.35753340971860176
336.86842879481213,0.30442329978054367,0.3537568441643571
374.53660140753993,0.3123911800613722,0.3219581724947429
253.20830657988043,0.3055840644971553,0.3386572458520287
358.7914522391052,0.29709359859861645,0.34211245856477457
237.30596661254938,0.311863412469396,0.3388506728302404
268.1124248773295,0.3277349747013098,0.34130217701081833
345.35525979001505,0.3241414956996775,0.3363591542038949
228.56596498870155,0.31304566732613065,0.3218211688834815
292.9965639905667,0.2989690477930161,0.33310665830145647
256.91225520701573,0.31279644400599205,0.34270180051949795
287.2190314734702,0.3262696453501891,0.33692408089846154
160.0705447269638,0.3278678389349048,0.31355469742235037
211.42334477450765,0.31539530589349596,0.31683572584875114
265.00613827010415,0.30453464199750674,0.3238613757488697
346.3731215879291,0.30695870875850695,0.3269277974768345
291.3182158604892,0.3215806889100776,0.3323590984260579
300.14229579484055,0.32029519322306876,0.3153435824504366
334.41113555511424,0.28363450581793026,0.3419243375115944
256.0231828495474,0.31987926347188417,0.30213653513595023
314.18136619036454,0.32066932510044294,0.3379305252940585
259.7316740967192,0.2966921286249209,0.33759800141430035
213.61652529396963,0.2985252832566448,0.339661479811999
280.45501031224495,0.29864253852823547,0.28399518550613
328.6902931202529,0.2997960579621573,0.3097608677337579
316.92945254999006,0.2887487561920865,0.3247095597388947
299.408475276059,0.3146963789432792,0.3325242305670729
419.6182632968863,0.29821420901848733,0.32877912896872064
320.64560801543894,0.30894424245863067,0.31779380100044047
348.9368002968673,0.30253646825426506,0.3492456598015436
411.90716692489764,0.31382766282095037,0.33486044249384106
235.29573384193756,0.2948407444589207,0.32407867621765235
248.06058948975232,0.313678980623447,0.3151864270449156
387.18561125614656,0.3158467152391554,0.33102319934875896
260.0968632379469,0.3224139187779794,0.3488805066115201
301.48416151516653,0.3395165363408599,0.3305276974113595
353.46579847121745,0.27861847344618673,0.32951928850242834
344.53531956465855,0.31480471501559704,0.33099423591967314
387.7443090990555,0.2993625573758989,0.33180923801528883
374.78220685167344,0.28112411990633257,0.3265022013804832
353.46963348528686,0.3226244593495998,0.31540717492097714
261.3645642876404,0.3299829982584236,0.3529352146367572
339.7431333896609,0.30412558434251113,0.33956238903389613
315.71359972534333,0.31316374444333017,0.3617570009474852
233.6867270029772,0.3090388488975526,0.3374633391295131
370.86495232384266,0.3165129650213979,0.32653062084744827
340.36182672892835,0.32320803623385397,0.31581244978754575
302.27450403155484,0.31517406003540094,0.32505006341738457
288.34539695077933,0.3151865489419024,0.3127058557237647
240.08494276496066,0.3288960481430745,0.36146761014151785
309.9762036779316,0.3075300666673507,0.3297445243575359
323.4219559722822,0.3238459685694842,0.3417908491214923
258.44225078783603,0.2976699936671272,0.344429529837258
358.11020245497645,0.3341062742007505,0.3462137269869643
245.13984767584827,0.3210673808855936,0.36821804675453634
193.84498249787794,0.3039436069916281,0.3285688215519552
351.98635454463505,0.278281777793655,0.3272720690370481
279.83169809489465,0.30999533924303274,0.3324672043796521
293.69852073434924,0.29227285886843873,0.34122812293140176
258.12416385874735,0.3144945190476962,0.33268315663975107
219.70186196412988,0.3317675323420071,0.32596723098977887
362.76186873621094,0.31240089689194733,0.3192609390684756
265.55655080765393,0.30732981078513216,0.31838475774114344
383.047624407397,0.31513308105993787,0.33404209025040593
340.36540931053645,0.31428475294164815,0.31501682625097366
284.262092664127,0.27455703837321627,0.30278951102152696
245.70487994365666,0.3136140529610577,0.331728592946299
263.37690066397715,0.31930416034176545,0.34743944876455124
239.3738434452415,0.3061098754856094,0.3399271642595221
404.3556679794093,0.32467838617210765,0.3297316823912701
308.22206151149123,0.30808488138125506,0.33604502748579274
357.5102771273316,0.3215049814372061,0.30529326445558286
236.63239754948864,0.3440965766059323,0.31965539753313843
309.0517564798502,0.30855413306460294,0.3551710306393773
358.8930969404289,0.2808680175112263,0.34776178121393936
283.2494619033492,0.3049511241388659,0.3193264099344539
351.55572294608714,0.28411164992814897,0.3563146838762137
245.7716043997117,0.31916856739660593,0.3192316366227966
231.8264227690708,0.32964026461049634,0.31765211942292637
318.9700306039068,0.3204381949257631,0.3530387635225107
281.0411782713724,0.31480462319119407,0.3496161008006964
332.10273446359156,0.3003261181371286,0.32117160746095264
201.10560342397756,0.3336347461894972,0.3292636676312403
335.6132317735259,0.32129914317998975,0.32487450027762416
429.9151963634657,0.31426704335094324,0.337562078326567
298.768700928426,0.31307290478569855,0.3535108787770084
301.70710644549206,0.3116744103797501,0.33798231813544427
308.97747423193397,0.31678324635939115,0.32829143382616544
206.90121446041064,0.30080009231407595,0.30980549986134387
321.3073319845155,0.3328787490100513,0.3416694469787754
219.72951279920176,0.31228509629310913,0.3116557927657634
278.61602009380977,0.3190008167570875,0.32719300397256557
362.14347748018685,0.3034964908349586,0.34437353465748394
263.23915219499617,0.3156237780036014,0.34216838190222487
325.06244947837,0.2757737136054028,0.3425806991298716
350.6369526978185,0.29322551682312764,0.3404838185277359
313.9370428048,0.30952880270220307,0.33218789192075615
231.45257649526962,0.29016290334915,0.3345323193663266
283.3762362324293,0.3465912109579775,0.3313810539708065
397.9705671194143,0.28497878029135915,0.3372386614833373
198.74771185012645,0.31518851123553904,0.3380285466150737
286.21069930669125,0.3348365973021125,0.33199992738292955
272.3945964255946,0.31721930589118125,0.3377072118369609
306.03736815485695,0.3053465866992794,0.3197276845746073
337.4107808593615,0.30171783874250824,0.32539564983376673
380.4345484011027,0.32009883233158964,0.3334574784153551
286.4883803995421,0.2979959397843618,0.3588526947385131
340.61706649884104,0.3082077083528687,0.33793486266194445
324.98700724325863,0.3203679790857712,0.3279789607990476
323.71736489359,0.3053818146013555,0.32669664207298105
271.80380342367636,0.3113126501528307,0.3411624826312041
250.13392656120496,0.30543870561176484,0.3285410802098619
244.99784436896516,0.29545303594739697,0.339560714783184
262.17813953004384,0.3278372572708322,0.3376740608413981
316.08432879331133,0.3308959936087449,0.31130883049199937
338.04746965641647,0.3052495006914497,0.33709177534082513
316.1734423928448,0.30601635761982127,0.3369843572101615
272.55224519021294,0.3073315099153019,0.3419500180215821
390.29850549662376,0.3180820491043867,0.3174437491825206
375.943281181577,0.29642049602137704,0.3464116515019803
282.29999436249136,0.30867212041671116,0.3274980376306464
258.8284297007167,0.3139443858275372,0.35982411500052136
306.5107477078985,0.3196306322408087,0.3562864943183711
363.36493225271767,0.2682874408767787,0.3208790971243223
316.63824886270584,0.3160510481435277,0.30946172107654485
327.8274352455022,0.31518770142878627,0.3404586366686375
289.3959938862187,0.3251159235504945,0.31770046449588085
322.81354476011154,0.30210603977168954,0.347212612846168
377.2272225728069,0.302224701920964,0.33794792816410646
288.01656092611444,0.32803774880004555,0.30819586513278646
307.16538662539364,0.2865526494077619,0.3417309636629025
312.6908238274814,0.334436354370721,0.3320587637784116
314.18626778855185,0.3483384168884174,0.336181674358912
229.40555619643862,0.31716177527057327,0.3528606989969822
206.15656720630528,0.32221147710364917,0.32805116756906816
249.01724645390803,0.2876562743935098,0.34137032597074696
308.3971147700834,0.2995816031995364,0.32102416994486777
327.69280830016055,0.32586793820758153,0.32139292607579834
273.4662720113188,0.3154272302047335,0.32672778729490276
368.86287414336533,0.30727858805459846,0.32069427896377384
292.8412012836906,0.3134930369850932,0.3385179224750777
301.0157999117312,0.317604647264804,0.310148456012981
290.3018064723669,0.30560356448369447,0.3424432071647836
306.70133963733326,0.3095658108253489,0.318577071190625
335.22370370218016,0.309455389378016,0.3356655684572438
333.28267189561655,0.2942158152788359,0.31218850107791785
255.07885296952048,0.3148539194193865,0.3371659856063763
376.18318882392634,0.33705378871919633,0.3462601124391542
245.24867712865412,0.3359794319527929,0.3301465675941292
303.9613507045306,0.2878540105622236,0.3532302335816696
286.28017132388237,0.31855946829815107,0.3279013897208744
247.55041613407565,0.3201325567135866,0.3361705162781983
296.24397060130843,0.30384234305764535,0.3161179954035359
262.9593113353801,0.29553699947931406,0.3365764635423668
303.6453621638026,0.2901877852874253,0.32147791060932385
320.15429806096836,0.30332944331724954,0.31919413029615495
373.5964684486636,0.3152501370491082,0.35370155411881377
315.36921093137073,0.30762912736349113,0.31094668717239243
269.43873298475876,0.3008360036760526,0.3282784731423222
280.41900946401995,0.2912626505297365,0.3406918539611804
306.99890530572816,0.3152607438758244,0.33351106359324345
304.67304147310756,0.3259981367045418,0.30229009510639343
372.979463411421,0.2960961704194826,0.33905863904509176
369.76764648784774,0.31672643446223087,0.30931501562389063
282.05320368788693,0.281807871341344,0.3233512207703158
272.56789359069006,0.3001380083658814,0.3263363602119852
172.14726979660708,0.32094406179273643,0.28619956019528164
272.553979333889,0.2932334918591557,0.3284114915274561
251.09711469578582,0.30093344912781356,0.3399881609574188
282.25877709525906,0.3312695024265505,0.32744873360949345
319.57921211750556,0.29900734029621184,0.33277394720100933
308.8596164599494,0.297190827711561,0.3639268028067874
298.50159964762287,0.3186377254289601,0.34688160349527547
309.9791055544257,0.3393210034473294,0.3308907872656779
293.6941113384504,0.3064049507905882,0.36880513242844515
309.8509466271738,0.321531037904779,0.320454434634013
138.4472496040344,0.33018653770172507,0.33779515662091164
286.5353255124623,0.31488328244320857,0.30635064145639646
294.45746394734965,0.3059512314822241,0.33597492007536317
282.9369141896707,0.2968550989206177,0.3283288453588153
289.1026868948529,0.28862183558618404,0.33091189900228113
335.1655058903365,0.3266755261765571,0.33555722092467966
270.0947334329587,0.3127143571861283,0.33420005872488456
410.0351049608564,0.329992014136344,0.31391059136775495
334.41484651110443,0.3248338797452456,0.32424982295109006
299.68463745430637,0.30074544219958577,0.33009091070972496
289.66688484012167,0.2921966995014947,0.30856236583447383
295.67388568089325,0.31619004374405374,0.34203854175754944
254.23464650280107,0.3005123967348817,0.3582432346462513
295.2398730370995,0.31565033711501084,0.33455315301866173
313.9341758363527,0.2990327209350789,0.32208430252319825
328.9770807786615,0.2970816212020409,0.2954711330832248
328.9844889572167,0.3078851378568893,0.30718637615532124
286.2561226717033,0.32401150930611977,0.3350884329602312
229.19588737390347,0.31459809842970365,0.3489365480519626
266.5448686883277,0.3276756272300767,0.3266987344645915
380.6096521406194,0.2914965744541716,0.30769138098390675
344.8029156704974,0.2941438428770155,0.3169346213381532
318.4809793152087,0.3086625445125953,0.32141656878634484
261.9352877619938,0.34248552074939603,0.30101178954526103
300.1822577486889,0.3201142917034356,0.3253415064677997
237.2165657168759,0.29400080886932906,0.343385801375312
272.4031562151963,0.3088578932056344,0.30477327126424564
287.73983291574024,0.31331072186201886,0.32160539920799003
281.91800340673933,0.3014697138165849,0.2996354358680357
347.83009655280057,0.31919912486584756,0.31771275985070513
229.06370429822738,0.30765330792752793,0.3277793395645312
256.7283864242423,0.30551003922685493,0.34531809318764234
231.26560144888902,0.32890385180788717,0.3368356295037291
238.1323393656073,0.2843550864675957,0.31224828447881925
306.20279482233246,0.2955729198732296,0.33140971964280236
219.97797334718643,0.2977403652783883,0.324990998829957
337.6934389418818,0.2972847839500195,0.32980694807928185
287.6592111529462,0.2990687043206294,0.32700757758525517
303.43941662629885,0.3173271393683623,0.33470058101623656
316.1288368998602,0.3264479924261552,0.3327166895493116
278.29167398742044,0.32374061890983835,0.34299650222685885
351.62398578766886,0.29470656810206486,0.3317488783000474
290.28286366361823,0.3083887315214519,0.35534896065900895
329.7035127619535,0.31678397820212234,0.3377883927582507
290.04438086213736,0.3136000442842816,0.35217465501910994
314.5437193712462,0.3295862109926385,0.3408037503464511
313.98313350789806,0.2998699864668398,0.31990821395757135
312.49849697277654,0.3123447913165123,0.34864376845623674
251.28460751895403,0.30410153927640865,0.34776265692521763
321.793788527372,0.31376612528634285,0.2869191208610158
284.0521505450202,0.29381654630965454,0.3217733198224266
331.5244015244959,0.29606593418563637,0.3516413866048621
192.3753277793848,0.2990483371031727,0.34581582058763133
226.74418889725246,0.3015449603326743,0.3080937373632169
318.17227810675143,0.33321884898449144,0.3428814272285785
393.1463792552614,0.32763102871443145,0.3559085235187436
341.75293734056186,0.30681025493929087,0.33910047634558155
265.877453290001,0.3125939994131426,0.3078621573657816
215.3973792311022,0.28608345972834404,0.3182427699878368
337.1343110580809,0.30731061480172805,0.336007565624621
295.97083889785245,0.31239422069967593,0.3267669755520728
329.5352108947193,0.3271852632010184,0.34916494014309174
305.76493611053957,0.3149020707951245,0.3409687310347456
301.48214625602475,0.3164933508816333,0.3594476651481086
447.9312722946588,0.31446644334625695,0.34530925368096943
299.6935019477211,0.3140350178450819,0.33828806020950486
292.03773953733673,0.28904861236097534,0.3252849852175059
293.9275662297989,0.3037486349748955,0.3510669264443693
270.82316416461714,0.33152330197812313,0.3300824751545843
349.50664473576563,0.32235844663913865,0.3146114989754073
282.3122833109325,0.3174135174859771,0.3307225623524643
331.7971352822295,0.3110007296383609,0.3286221663250377
314.2301514906778,0.31989162093618495,0.3150968971543787
360.9492931066213,0.2958266588657078,0.3424175771921801
321.00897984941804,0.2862991065697936,0.32789357653869383
239.33076095261765,0.30426870171647546,0.33593382934213106
233.67561074730298,0.31806884586585665,0.31828637090650314
370.41845730384506,0.31161744823402915,0.32752993207214115
269.5644598367779,0.32520938018267426,0.3416148924358149
233.9698710105174,0.31527175774840704,0.3262975754703083
266.5190700065121,0.3106726329432151,0.3245198764514599
363.2312643484004,0.32991227431023457,0.3627647055366381
228.9893500525744,0.326985636676862,0.33474292388352295
256.6752398120195,0.30852863048170837,0.34099959791828277
266.65962456017405,0.29345425208475884,0.3411935689808092
237.44050632634026,0.2963895776161673,0.3314544545499884
240.7836330744168,0.3075782329257377,0.337914369410259
224.09460123681708,0.30449782924521324,0.3154048229772715
276.9406293431639,0.3348664349482098,0.35172312827842295
282.2545584129957,0.28479798776583054,0.3487042464176637
265.8730922898347,0.3090361331966618,0.3328532185330752
217.31510805161793,0.29400660268902645,0.33009533813525577
362.6667973427998,0.3117520280336958,0.31140565394330155
233.54605854139197,0.31573397249338014,0.34543966457534425
313.9016856011435,0.30392654538379144,0.32617444796195444
246.26167034405626,0.31795722120522274,0.33914650362439125
333.41584333707635,0.3070205958924056,0.30838989008951323
347.79161775835826,0.30730906580865747,0.3394718192454366
256.11932066861726,0.30373166911871635,0.3273712341804729
203.8142135151437,0.3197623643309737,0.33017861807827037
334.78936595698036,0.3120775219555937,0.30873282350971093
393.79002733568177,0.3335985944467419,0.3401859644527996
320.7847269946217,0.32905037315236574,0.3208121197182422
308.0272210739859,0.3183066191135587,0.32929483118269953
340.98803048050945,0.2776083753084993,0.3420627150211614
338.25274229985087,0.28773507531939047,0.3287149671907164
258.5505583119495,0.3247937585918474,0.35979364443349704
267.0424344651676,0.30286542160712415,0.3165179540215381
330.55617750279555,0.31352265636517435,0.33360728622230446
292.79933262598536,0.30054286900000415,0.3361998474521901
365.8302797931776,0.31776829945774365,0.314715408295247
264.7828926435621,0.3243698491614176,0.33131113511425786
337.5304958434241,0.29185558390621574,0.32707677364368537
317.1318990684614,0.2977964286176869,0.33338721638919155
293.6781218145183,0.28504407380002433,0.33680471969130915
358.79553859173035,0.31350110967743156,0.350973762479408
334.0035766433715,0.2850207936875526,0.3343226074384709
249.7516423308948,0.30450877457652037,0.33820603697134705
332.01093402099235,0.31779416719799203,0.3524897395035374
368.74953157471,0.3408713940201244,0.30623604394713416
293.4777655507688,0.31552627513431175,0.32608204768696863
287.56720748075134,0.32879327112962387,0.3305725779531221
266.51764261782375,0.3138873826383965,0.3066665948907329
299.31980571623245,0.3146386511407752,0.33115020705722864
334.3100343026455,0.30683615653340207,0.2946629113089888
259.11658502106263,0.3042509480064455,0.34058306586976167
232.682121963138,0.3276156722731404,0.30782571846361256
281.2125044509037,0.3156201152923745,0.3112322258973472
231.01375106706251,0.31504444517326835,0.3378651652983909
326.16092206413157,0.300877371093534,0.30498639978628944
278.66551150030995,0.30482437402857343,0.36080670411845733
212.22990777245968,0.34101235724468587,0.3317490414856888
282.5696242630745,0.3089874725435759,0.328543603781417
290.3692507102955,0.32989252089388,0.3480478927809498
322.45678066798587,0.3021962243299888,0.3288043674136762
292.7318228422895,0.3220231625732242,0.33360946786246004
393.43632284199043,0.3143469339826842,0.3276614972891421
274.06480742305,0.30394430341985296,0.3224727434556652
296.8800725708847,0.3197284434781672,0.3355678125763429
294.85446928686645,0.28684834136661286,0.3378754208119061
285.8685807796488,0.3186193214338175,0.31090292632086425
307.121279250647,0.3218035483286747,0.3167824053776064
327.0615648598836,0.3140960978216904,0.3201087742125597
367.00493517682173,0.32966385544755783,0.3295561767735736
221.53719363027682,0.30897849317959647,0.3351849092622337
274.48285630969394,0.30776291223023267,0.36234128467268006
277.6114287323878,0.31532559293662,0.3341256022684811
346.8925148680853,0.3230155937908026,0.32738484477899654
282.1668469463328,0.31854760771678725,0.3192767883808378
205.24122034603405,0.306600803880061,0.34477923848563746
304.3865231933288,0.2950715823223203,0.32982146293164505
298.31553842295307,0.31995218883919474,0.33512631852228025
308.98757828856577,0.2981564308859029,0.32998981253088777
247.9918559510259,0.297725869480596,0.3382586601382272
385.9517340542252,0.3001803523593596,0.33718050008538003
283.80701081073266,0.31086563210135476,0.33560764057609477
290.58515707531666,0.2980555530356424,0.33005749629438763
254.99957150954197,0.2929646794482245,0.3314014318822052
253.44989980626383,0.3001173708331332,0.3357347933848907
238.86315201256073,0.30725002284308645,0.30113705722616635
280.33445741094215,0.31681426702217613,0.32948891056771845
252.1209080621683,0.3110090036614561,0.34471184209595934
402.8233670612611,0.29379306857126686,0.3227952823298843
205.57538098065925,0.31342993197356583,0.29864821501870514
243.5834725909103,0.31484133282094,0.30922447415413995
279.92927857714926,0.3031755521437817,0.33112796305487174
333.6745639049162,0.2980563091175806,0.3191886064766966
279.3121559309969,0.2980505476890643,0.3320088741657905
333.79816965014885,0.3020228152473167,0.32972306748821617
250.6598055354839,0.3432136305465381,0.3229626884865213
302.96455669473534,0.2966639138681418,0.3162750326656479
387.2020543505417,0.3139899875076832,0.332932304321724
251.6127802150261,0.2992884610544062,0.33103397543152113
320.97838379476974,0.3024102532632202,0.3281416575455607
310.34637596416303,0.29940795340905396,0.3430862165558551
187.4232507006065,0.32201803578859856,0.33302001657337243
270.55147267646606,0.3156866174281496,0.32105952696040874
356.5575952652995,0.3080598429828879,0.32462109074889606
306.75388362423496,0.31754402419974653,0.32907103577131197
239.3865518551968,0.3211519854291076,0.33184786159760016
334.53886364578216,0.2972392743039774,0.3500462275613393
276.0438527342824,0.31820878619774545,0.35532115861337443
318.00253640404185,0.2992355247336758,0.32296582031911736
318.8460057218815,0.3225690284079028,0.3147088930219111
244.06521994272134,0.3211029771907983,0.3218567773025872
339.4914017367149,0.31605554576045164,0.33630189394076754
249.6245599382412,0.30685110488163947,0.34249179522283824
234.710706682918,0.3021083610531835,0.32387827714660367
255.85855061389816,0.3060455695199036,0.3162873512792258
282.69549830684025,0.32153732146080294,0.33573541754748343
305.47015782206313,0.2997650343149848,0.3393538938340289
261.370813381378,0.31074506859955514,0.34551965557719916
337.2409656197558,0.28378556246017345,0.32043424184829794
312.5732092021797,0.31390561987786453,0.334932937128252
265.26008924472484,0.29446707373868575,0.3055245064431515
344.4496458797428,0.2902279490224742,0.32841454412770854
358.0534178823242,0.3177807232291096,0.3407777175959539
295.06576515952435,0.3131550629520071,0.35225581037498427
289.25084775180545,0.3033493376552799,0.33453244430808005
211.3114323371824,0.3054685648634604,0.3263737478601308
279.62437038042657,0.3440655065118504,0.3089105859894074
285.42466437173175,0.30708783560465547,0.3334255665039684
312.2689703629846,0.3069817595758362,0.33947638378596995
291.5786784184764,0.31978457918732117,0.3452049864001055
312.20134690702474,0.3113081850590253,0.33364817565982274
376.70451446519326,0.3248114267463636,0.31566792949738254
273.5042950683162,0.3141617320282321,0.33830255761787137
275.45138587170766,0.3214163371380757,0.3553481929403488
234.54173428487093,0.3166499561947725,0.32606402138969015
299.5669766629207,0.31967955647235463,0.317963308986061
348.8406491234805,0.3093602054523073,0.3250548478426866
212.4464825403815,0.31333791665903654,0.3298023203381654
266.7071516490306,0.30593446760199117,0.32214777707802295
301.79702512519594,0.3190625426107951,0.34059499260726905
342.50514417622185,0.2898094197315198,0.3364609527285215
319.14351195134327,0.32089204434832086,0.32498512032654936
316.27318140910654,0.32497038025333314,0.3297026213572334
288.78436070145494,0.3211264266687208,0.306914012251827
324.0937128509358,0.30843853420725076,0.33481881413264086
350.71519417667304,0.31757843816660447,0.30909290034937414
214.55041117253984,0.29835131998084363,0.3258400266586503
336.4267700417567,0.32255653320851563,0.32307983304404464
295.06200970666436,0.29351177064112444,0.33699868500974023
273.5005567892743,0.31890596681874295,0.32333786910175527
177.84621070603424,0.31798986091920084,0.32929563078675084
230.98243381728503,0.3161009175439554,0.3524278805069991
384.90294961236253,0.3032937453362911,0.30645851940340235
265.5725733768223,0.32140249349451316,0.3316965244007102
245.7615614373459,0.2824410270615454,0.3429631390633659
277.17870219282037,0.3216583271855194,0.3205837470584881
262.74263890707033,0.3128715686429937,0.3303138369639484
306.21793163094577,0.3257643800881278,0.30958006711798597
375.84868391233056,0.3130007347737482,0.30586831295445194
270.6692024573893,0.33757285220139566,0.3408316353330662
307.71450252759354,0.2958727099982778,0.32509284599768523
242.63814293798822,0.3191411097775235,0.31030972729945555
376.0083221103266,0.29670993266266416,0.32289931575700426
309.4521721207055,0.3081042072931866,0.33906651599332693
245.909043835469,0.3211355888146401,0.33826847575820346
345.2153110067321,0.3193814548931575,0.3457160125823937
359.99938242913066,0.34119308020536515,0.3224400472241139
308.07281817038177,0.3047288989995475,0.3205884513737826
218.0301516229612,0.3292900201621927,0.3349632209433241
389.25844067582375,0.3061854971930471,0.34500143342501655
315.5061260313263,0.2994864986757295,0.3243816215747079
358.5227148680727,0.2856556965787446,0.3443728671044731
272.45533974414286,0.31244005938853225,0.3249979526963644
280.06880376330497,0.30218041591575806,0.3605617791356307
305.52265546452827,0.32271276054743353,0.3042048914426687
355.670083901794,0.3020739886759835,0.3530225231531893
307.14950140835805,0.3028509766362708,0.30753779697461736
237.15830937331592,0.31531982914646406,0.3483476004049322
313.099459839167,0.3358182369720909,0.3312870096418444
381.47670972553834,0.2936702517859578,0.32319985642202526
303.29031412314157,0.32526419207097995,0.31636844641612377
306.46927618882415,0.32311157949693053,0.316078167843592
236.872812860809,0.3066858104444735,0.34022633934931873
229.85054561385803,0.3201312442752751,0.33690463820972466
268.1153930593379,0.3057358536050878,0.3271733320143272
283.67411766906383,0.34557082681037876,0.329601236363799
305.203036750514,0.30831857062367385,0.3169307820385644
308.29784872370885,0.31120621140328997,0.328011488295161
380.0953825508464,0.30511312586273764,0.3432876166757668
302.9343719224955,0.28459818928732694,0.31638612006790023
353.22113442054535,0.30605269930182716,0.3378170627165908
298.03353326775425,0.3134805545730836,0.3230782970526811
372.445180581288,0.33251383932485096,0.3070864610061957
206.48012606263995,0.31737935691694846,0.3459251824782146
270.06341166607854,0.30715926718400954,0.30939079263222874
349.15166981296204,0.31089914789121426,0.3230275840002989
291.42019973716424,0.31491010549612447,0.34603880153211514
346.5764806693983,0.304315509121316,0.31819183809335827
319.25330513886354,0.32023355525204295,0.34413830135730616
347.2938491856517,0.3343763223713002,0.3232724764251546
330.65338640144216,0.30455276892256694,0.32859616232596683
333.6824466906875,0.3281129539877554,0.35826821215207866
374.6227693575775,0.3231448945634698,0.34703685991750244
349.323700935047,0.31805867291580797,0.33129278149402086
349.69033535682047,0.31167888427835294,0.3201901417864529
301.02093793927884,0.31506675806474066,0.33040329404185886
270.9074895091564,0.30673910239192287,0.35474414594991627
267.0219955863852,0.33755302755589894,0.36258076370374215
337.547229859484,0.299223952663668,0.32070251948945117
178.0769717977488,0.327024170414289,0.35166367593737086
234.64109058478573,0.3332458258189842,0.3063325831832604
251.8373157060605,0.3051529850076595,0.3388230961204456
287.61893106531915,0.32748770438938163,0.33561549631115417
168.4280981595833,0.31215972019346516,0.34561645382873707
362.9360651294666,0.31093539682953253,0.31751386761469125
330.0087618164797,0.3088815446074582,0.3321902573058732
399.2291199229283,0.28579403349186366,0.3020736036939518
353.1107234461391,0.3182188593737756,0.3205490217253913
351.5189665576014,0.3316532764652762,0.32974494625989026
412.5338015515434,0.2994291936606309,0.33291769623883843
271.4520956571285,0.3227100798711856,0.37187956749546064
224.82708003753027,0.30872191911559416,0.322359075095251
288.382130175363,0.2936096608753388,0.3303127652468552
258.75039730764195,0.3249683494857967,0.31271996307773614
287.15773194877767,0.33529055246944367,0.30170405103005365
247.48905048709548,0.29808621461695584,0.3434753236036211
328.39400337269984,0.3132370254329931,0.3435817925395265
325.6491424799362,0.28840396438480975,0.3093683919027895
298.6538704715864,0.30936989022143146,0.30465313657967064
315.579075169144,0.31729099604264893,0.320461775854114
292.89746364354085,0.3362936440876519,0.35500538680265903
337.60168341336407,0.3333636057418919,0.3076778797617659
303.48203747426777,0.3346374751234483,0.34022695286543003
286.72771875521136,0.3020936208719194,0.33197139945928267
346.47922349713554,0.30632252397251475,0.3254727381876868
363.04106346133807,0.28503541862617093,0.32093097597067216
366.8726912820606,0.29927266737371533,0.33367473069210285
250.4862655340259,0.2882225619723234,0.3253380740001846
273.27763959791514,0.3154830534495586,0.3240101940195158
214.9251952626154,0.29954514992813136,0.32688690373766693
288.0717490898197,0.2934786659527754,0.34667433730823904
320.8061907238813,0.3046687834614898,0.3331926215292584
293.35994127440125,0.29222684566105833,0.33103427886777365
396.5425433524151,0.3146352522968145,0.35073868187661617
279.70783124443216,0.31426671241035153,0.3259777732065401
245.57457222555354,0.3052643111491339,0.3514925635000896
328.4252103333938,0.2990398677937986,0.3198628155613909
307.496691424908,0.2899083793773165,0.33796723370039183
327.48212979001926,0.3183303490787206,0.325153450658613
315.1893965393095,0.31343081109903154,0.3289725558532519
312.18828802654366,0.31696473196183667,0.32035141146362084
193.88505584787043,0.30540346928571027,0.3255691993306011
263.69429862413267,0.306731147416279,0.31949113685994285
270.4837541023568,0.33162998723164455,0.3360427769934914
282.6017831032537,0.30099122701751596,0.31762847777682257
277.5804180769529,0.30531033966162874,0.3380483657273498
320.6409380843846,0.32115838124297724,0.36520598798264325
330.04412543460097,0.31454366944833445,0.3066743806017579
243.4179536624424,0.2793006668940025,0.2944181793354203
334.3402203397339,0.284681699049525,0.31517706705552007
329.28840693335354,0.30008753100084856,0.3411494519877413
323.28850330191085,0.3236544949666805,0.31933259997437446
229.10527559851653,0.32007509616524027,0.338662216315258
322.02911501445,0.31779285041124977,0.344238318747256
304.1297709768135,0.31941616144503737,0.32623382823905406
348.0440037606922,0.2954658286806622,0.34327152376497466
389.21783976506515,0.3190157063987583,0.2959574733999579
379.4033942797131,0.2961807445491619,0.3425179909646281
305.6322086119964,0.32420948802658156,0.3419895505988866
299.9062654137115,0.3023415229867889,0.3285085070731479
331.59741420046663,0.31422439117160017,0.34505304843970425
244.248002329028,0.28188252394421476,0.3516144432686951
227.46584291975998,0.2897666663169192,0.3589923087280725
276.3734703987501,0.3263601615683137,0.3591187394334613
361.02844568572635,0.3203761580528037,0.33083288293973434
283.4435850858764,0.291730948400188,0.32788174200488845
375.12904529047177,0.32928387583621,0.3288284807099466
160.59435584574987,0.2936382335677279,0.2898826456454533
220.63967866061847,0.31029941655856497,0.3404723517145595
293.81556335721507,0.3027984906720077,0.3652403354185182
344.4097270670438,0.2961487720506832,0.33848750323292104
296.51884506399534,0.3275191084230787,0.3086778173256176
295.217362775335,0.335274722434364,0.31507962453836347
293.9129252371454,0.3126741132564648,0.3159236139687518
211.85511327994627,0.33288998375294004,0.3548557797201759
357.90344372199263,0.3057817742021591,0.3375359072887506
265.86176400813144,0.3116246289757353,0.3395719295088773
354.47663286072265,0.3119723388459193,0.3353029457087277
296.47382910188253,0.2926493666706442,0.31332781905496965
353.4080193664541,0.31749185338693797,0.3158413393719782
317.16289904887833,0.32064539710243556,0.3402110772719489
294.6662754720879,0.3073978954803801,0.33129317320822393
311.3130823534351,0.28462373247830736,0.30212852370962323
226.35111954442118,0.31551558241556615,0.34179040495573954
300.30146635855175,0.28727479728774574,0.351250945384916
385.8020161056065,0.29783095249546343,0.3300958782180394
365.40967819943575,0.3119713193867547,0.32526053231056073
250.74882086509638,0.2984550630351437,0.3504868853807866
325.28429256689617,0.31380514975817764,0.3270640235656264
312.39899423737694,0.3066068461765528,0.3207926710149748
340.8594140058704,0.2855425523388842,0.3069224464515089
304.7076442761106,0.31251957341617764,0.3226320179649967
288.324800343495,0.3187986952042981,0.35800500947270514
366.5315388180324,0.3251860036421782,0.3474570706988047
310.8198284136005,0.3045014788784958,0.3317904722863051
362.7732160973157,0.3090777448189719,0.32991189063709087
348.7193101672247,0.287573369959903,0.34484458980327076
283.7756379240546,0.33947334108008936,0.33153452103442693
291.64998628214204,0.33257512284024526,0.311041428914925
396.4916216999511,0.3095224897357967,0.3321643803865888
309.5741162719956,0.3081273734103257,0.33263265382358037
262.06857883199876,0.26604665733448035,0.33019356683860207
239.99783610074883,0.32552893844369124,0.3338617490640927
348.70662176288783,0.31844291771735933,0.31960648820424353
308.01468605481364,0.32219217805745304,0.33232608123533497
260.3954024735508,0.3039212776705086,0.30595082041106825
333.72924156183126,0.3029585676240495,0.3161905286368222
307.98743475279605,0.291468720312695,0.32634217344774313
216.97624646185216,0.321670145952775,0.33903806346637694
329.4342777355406,0.32878230818047693,0.3255400291851764
366.65953514216164,0.3268582431514457,0.3366029758860945
427.99251153162356,0.3128088636401253,0.3453401618692205
301.7451282031002,0.3051002244674871,0.36630349905830617
311.6324829105273,0.29422044364950845,0.3256028433618348
380.32984026174023,0.2994737422055372,0.3203440292893745
308.43611334682396,0.3170132571045253,0.3305788370331047
313.76709315399614,0.3057316993689869,0.3329763900804586
268.4690804284712,0.33462106277103276,0.33819185073860186
230.28124436434052,0.3272853404623649,0.34218830261553296
345.63439679099275,0.30097286301825765,0.3257641084665646
236.3214881593878,0.29176506903497496,0.3409040186255456
357.03281214737314,0.30177372485843246,0.33122949269543267
260.591722055617,0.32598074419654743,0.34841057462067054
313.2616979199149,0.3021411638781742,0.3258178104941917
281.3864134320857,0.3181898197774975,0.33210383403520205
358.73001189786703,0.3015117982115924,0.33405384255541054
315.04232011032906,0.3151474623553517,0.34698787893832667
397.9547676253571,0.3179221296002947,0.3299384473954691
245.81611603202091,0.3247874986837682,0.3144509417602957
320.69315407678783,0.33149860195869624,0.3045656730181973
302.3670940453566,0.329653434022119,0.3455101478397008
313.99717856284616,0.3020474273624084,0.33960411764770343
379.7960585805224,0.30779471895783933,0.3549292129051995
329.2659015046143,0.2923971235718748,0.33138699693991863
242.62372956613964,0.306464720686983,0.3312989663426997
326.67554091699145,0.31036475717296885,0.33269049736395223
279.21903119221247,0.3039406009760585,0.3219594273517659
276.33225149646046,0.3024462314732574,0.3194430372081092
352.29286640166845,0.3254812026662869,0.3365759460719593
269.8830008486886,0.32361224417636125,0.3477126626035777
281.0134836209932,0.31598683071778066,0.33905712537118454
301.62036272019355,0.2908373409465557,0.3227850221286225
347.3092948372694,0.3130139634925035,0.33636972862601655
329.07949014305945,0.30423652643589993,0.3326469574562807
288.27925440410644,0.32973591191195634,0.32154971574406904
286.39117671563037,0.2829656387998996,0.31166236606898995
241.99351692332357,0.3016176446305053,0.3175408681862078
262.00824557036685,0.3012002453761965,0.3479322270895886
267.28094570897537,0.30300138952060146,0.3338042765655518
292.5354529126277,0.32436368122745707,0.32086315080886274
399.3381518584581,0.27471462383234724,0.33114848285959914
266.2265283106784,0.30687921735655177,0.3391627267732298
285.2085466047181,0.32276081011176194,0.3218977982729948
197.38007975116972,0.3247017625901254,0.3185247748937885
330.0285547155254,0.301763832091899,0.30335397715008316
221.12756030864972,0.2998033277598687,0.34632823562338066
254.67052389178212,0.31519320360209063,0.338818836913603
352.11676842204963,0.3122655503537608,0.3400408360407574
194.75357852105188,0.31104104672540883,0.33842880934716235
304.796020619762,0.25297932704708515,0.2995861264979865
340.04648233325634,0.293092416926453,0.33164412190200665
376.2722118220139,0.2970516540572724,0.33674952116415713
253.9953445755193,0.31964514792938553,0.33106099013034895
268.79875748800674,0.28838860442996395,0.2947300708933346
390.22181617013007,0.29430058658709324,0.32812790376425954
298.7469927709201,0.30768423991101396,0.3261407031168768
263.1868032865164,0.29068607234830224,0.34556262953025907
264.1257081346386,0.3196428085777145,0.32844103860131757
251.37218382162672,0.3041289448028709,0.32219726916385305
278.01638972870035,0.3374935889844147,0.32218847946309337
354.4110238224672,0.3005542192441167,0.3408427021707894
344.38830342867317,0.3013557519525015,0.3400875857429975
241.28648485873276,0.3220665743390396,0.3267904080989071
310.7293037352118,0.3001699461000028,0.3240167502105689
279.8920132463741,0.3326735248066326,0.2954705219998922
339.1220202052221,0.31724372413408386,0.2993752663631299
292.182013638535,0.30544180090834283,0.317468249448454
318.57623408998836,0.30758803004384383,0.3278418218050517
292.06973965207504,0.35276061605676384,0.3181355664569134
190.64570346808887,0.31732981538496924,0.3072879622817361
302.35012226843224,0.31225715523912145,0.32944753996411974
236.41265252349567,0.30801134867224916,0.3296729371522052
337.35642058384207,0.32555743049020397,0.3496385023461794
266.00860538001064,0.287225105293011,0.324619240340961
269.74936719635053,0.30728217965549764,0.326480047622628
299.5548587493849,0.2674951381597975,0.3192437361081004
328.889697711219,0.301998885611325,0.3690578351765897
291.5128091100436,0.3227189021936604,0.3396709398223332
382.109138602251,0.33073346258282826,0.31757470554481376
382.4408930742904,0.3190895535727006,0.3004501520078945
385.77342960849955,0.3195995288724661,0.3106676122161792
288.28406377206164,0.28426147765068055,0.3162115306381675
225.90207719485727,0.299824392829076,0.3095728325705461
361.00392571191395,0.33211607523868186,0.3282195271476472
279.1827357350112,0.30214209984273804,0.3147466827477757
301.90831560010037,0.30796026396860327,0.3059248952834186
331.4160051427585,0.29791657020463475,0.33956375573642483
219.7781799743674,0.2959937277176463,0.30688417012171887
381.4560602666249,0.30294596160280446,0.2917004503106829
343.74811645516536,0.30008416051109277,0.34405544029222634
317.61357910357367,0.32436252693725265,0.35685612276920886
344.54583752393455,0.3132305439683394,0.33060510558874995
327.8476269663674,0.32528325739665276,0.3402971388004903
305.84140577845386,0.28919143745009357,0.3400707622755641
284.611283892772,0.3283817972230609,0.36532853312105146
263.0428862822109,0.3103218433606736,0.31514542579865285
314.3607140451684,0.3375902257618892,0.3231884135151926
318.06015298858375,0.3092083579245903,0.32341403404866215
354.15994013440996,0.2875989727800562,0.33081259854762274
310.0330004359598,0.32926330941810755,0.3268905520148035
257.33992421097196,0.307952676428147,0.3287661723644561
221.18835763016722,0.27771827380499664,0.3321403738544003
293.62189189950345,0.3121779202205456,0.359670065717757
298.6270811655215,0.3134684218878718,0.3341104791725721
295.09542086032,0.3261416911499293,0.3424412341663836
223.4743551322188,0.25618759253178314,0.34001859594018485
353.7232570267754,0.3272330421266694,0.3353466709822087
353.6314873116891,0.3028810486788705,0.32600436522106874
258.83574176927544,0.3388937186188129,0.34207129768370265
340.2991055811077,0.2842257849873901,0.30374040132222846
347.6415430905828,0.3181800835288108,0.35309835862657907
301.92235383238466,0.316175782461329,0.3400129780322979
252.57506869029615,0.3036682790460912,0.33150687160567727
380.6690767630512,0.2983929114233698,0.32981085698314383
319.04607168861133,0.30439382458433345,0.33329860051026183
287.4481272393979,0.3047991956415634,0.34220434502957014
338.6422697836454,0.29119842990343464,0.33694424395674727
381.1104243925076,0.32489488255076865,0.35048052517248013
275.1419926655567,0.29361699480351855,0.35572471535497047
334.57112726283947,0.3253478646667001,0.3464095480149845
397.1580085362354,0.2831659815212362,0.3076268840978668
244.17175828822602,0.3073421532971219,0.32218203106176596
272.53732056359684,0.30756540200446303,0.34465855553917274
270.1072459703897,0.3097630844208466,0.36195487299001194
292.08364314753896,0.3243444381951896,0.3211962971131235
289.50131320579027,0.30696479170063357,0.33900078810258133
315.0397719683525,0.3031310588457445,0.34841893499247995
258.98122399326314,0.30701008622708914,0.3315895950141347
268.86682555595536,0.3247151028335462,0.3117290106720672
315.0645241991288,0.2919158957779796,0.35932897466099273
307.7455929866855,0.2946899725029031,0.31697698801796664
343.70399045800997,0.2806495262136508,0.3188988362380105
320.46775124628203,0.34040873043829606,0.33402559613264354
338.59233177803816,0.2926038290757632,0.3308276673591637
242.852398022925,0.281718525161924,0.3162398485727657
280.82918444421085,0.29786651292031874,0.3551443183675292
392.41899754417227,0.3008131712792222,0.3378100197732611
319.60390232758346,0.33198184001860603,0.3435815690097306
337.36964807731584,0.30302651161637045,0.32935194182772437
313.6367368581397,0.3143765392106406,0.32989805043673914
321.2667928464393,0.28313830292912157,0.34984267795118396
288.45479742359134,0.31311975237672507,0.32219751176903144
478.57896090131555,0.2852680563292113,0.3246564394336773
280.1922038795151,0.3052960742675071,0.3369935539663833
298.0839391128424,0.298601935285256,0.34356522463772915
178.75818372723757,0.31087407245749643,0.3436089880091833
355.3133328797361,0.31951613059207945,0.31586567263272497
272.38735251575366,0.28996156073802815,0.31374955600797205
296.96029469941794,0.29295372357666366,0.31727510701566314
273.59797245590846,0.31290383508916875,0.34325849347675974
293.06585273625774,0.3203092856620374,0.3432389052293379
285.7876450789685,0.3312606279264219,0.3348094680899264
297.8479112109676,0.3029216240447098,0.33445323669997923
297.35992586730765,0.28762781987633657,0.30522910905828193
292.2897344257059,0.31279938579340877,0.33478543002808925
291.60613867268603,0.2980803442316806,0.3063999243475277
365.42592261630085,0.2961336970365028,0.3423851653581147
344.0708459879629,0.3311226561154793,0.32527124373090693
344.3721159223295,0.31928075215130686,0.33363445220052906
263.3775559444112,0.299078832035855,0.32679884411041293
362.8410415924182,0.30971932696987514,0.3287969997906811
356.58222545979436,0.30871484517818637,0.3132923581767701
272.32978355992174,0.3124764342675069,0.3274680361791324
376.1926008599902,0.3039109057996314,0.329053930757993
265.8387028500105,0.2814990620854443,0.3330998188728608
207.89840807974616,0.29535474737491607,0.338169715731177
355.07629930765864,0.3020200512211781,0.3372050647638269
294.0240609784962,0.3104216764939934,0.3340445153245415
348.84607822874915,0.29376558456729773,0.3202153344197964
262.28989186379044,0.3127942740684112,0.31050745665019813
236.91149941264788,0.30428092808223883,0.3149637604349693
361.5935894311985,0.2986078734716526,0.3177373358940158
229.63657183021164,0.2909458581405336,0.3426952015777642
221.94847442813182,0.3166973712458717,0.34613300773231115
203.72065546178237,0.3163636507873447,0.3180523320586446
160.27638508462107,0.32200331322683473,0.3125998535013232
248.0447808367805,0.31823932338445404,0.30566176826568864
191.52960207939816,0.3193620168219176,0.32064449013613405
298.2197257695085,0.31573117929490196,0.3362356613150981
188.17913248376763,0.2836238548209931,0.31368537481588454
245.2863290412005,0.3058132168083047,0.34779204893251564
416.60309981048283,0.2885142630736465,0.33550017904545737
317.2562120306036,0.33053818113239547,0.3459915639963628
302.6402837703863,0.3097897941294037,0.31805207378775174
218.96240098400713,0.32904633768227787,0.340681737379032
287.7201167025614,0.29454516562324023,0.31336006608225386
302.40542815683085,0.3086219617616097,0.34037714815579334
219.74096021064705,0.3139506137456334,0.3516111457719365
306.30903404403097,0.3050364678159473,0.3513925541525537
359.56162285325496,0.3128168409962488,0.32203042149461364
282.58709405803097,0.3322324518506257,0.3167656888996884
290.13818157978574,0.2945212986550105,0.32751360793555295
197.89517922522884,0.2704311626906743,0.3535660541694721
230.03830656952067,0.3340093620899998,0.3095656775718059
352.8847550714108,0.2981250664504216,0.3073009049811158
266.9224676709747,0.3268374954433388,0.2993171951088059
253.51441827787917,0.31977869950406235,0.33141388941841493
265.3708442014322,0.3067496980295092,0.3045113818905566
297.1266936499585,0.31570517184466534,0.3478635015138497
242.0792044567104,0.29289198603454764,0.3546119566985147
306.32582529851175,0.31128845731589183,0.32794735636851646
231.99961614384705,0.31891060307178076,0.36589618962839965
338.70000010378925,0.2983850091049521,0.3335025121844438
247.14721113301988,0.3042956335433248,0.32242645814818693
366.01341594660505,0.3146889027962698,0.32218011160521404
299.4983673621308,0.3298491056448193,0.35149428991137605
257.71777858023853,0.30995267740190835,0.34189213589799866
345.5730304791158,0.3035401023308655,0.29954593420223047
231.27515604484438,0.30780376338198323,0.3017967364120688
272.64671774912955,0.32740263920508067,0.30795794568922896
299.9962236694692,0.3003773149625282,0.3211108870864151
293.9416598355896,0.30549651404341205,0.3105167906732539
199.5707265814687,0.30051608832647714,0.31853132984921845
253.9676728693317,0.3069352519783414,0.3176582109957065
308.4117171211716,0.3132054340350665,0.31319238447506026
234.0054220320045,0.32550817302281676,0.3617927806507696
363.3214649332923,0.2781313707288416,0.35128835919028445
324.7590444392993,0.31833233373643055,0.35669952848619846
274.2879804644465,0.29662615176399776,0.3551760215288165
288.9853767349968,0.3188960500769547,0.32893727462131783
393.0782061915909,0.32859452483951807,0.3316597401603474
346.79942254381587,0.32493392517999736,0.3160854130829792
319.0109572433086,0.31236938170238393,0.33222565036440493
229.2240614782862,0.322517484009386,0.31499611081541723
381.4805659322979,0.2958492409541398,0.3059640960705996
352.6200534436989,0.30898254871302894,0.31849458579084644
292.5797306220065,0.3327920664502148,0.34308218662546425
272.5150965395608,0.2981611670533546,0.33145487074248314
290.60480306116136,0.3129590374755911,0.3390427889903767
239.90316595665132,0.304462369415833,0.33025643480669714
276.460722114633,0.30707337294681114,0.3162192859677372
338.1580257077258,0.31609106792719766,0.3377921613557919
209.6189361378714,0.3059572164217989,0.3314224855114861
284.29628128788625,0.309948862801928,0.3497386716159273
305.68779864399187,0.3024312509558131,0.35032466657861905
305.17840186616644,0.28262457512243605,0.32555522898693556
241.0531522983287,0.31289641192343126,0.33181945988067496
240.89235543364697,0.3165920505497685,0.3165700364266764
354.4582691229192,0.33073260196306076,0.3171033739548591
238.77354535918545,0.30802201805294444,0.32135159172956435
350.43254781542186,0.28907937202885947,0.33738128498626446
275.8817342445754,0.2986898770889014,0.32219695244614516
353.98981751504675,0.3181058851800885,0.3531808547991383
278.9460747297493,0.30873205734050385,0.33710210863585344
241.67643396918476,0.31418936326238145,0.3259718017720901
342.8277428196731,0.30470379792268426,0.3452368157397692
299.1304388884901,0.3380471337112176,0.3189761655757567
372.4288292662226,0.3359198201692224,0.32033470551593446
344.6100042568919,0.29602606561820066,0.3502088922138212
288.5286685528102,0.3236354648966628,0.3104008162848603
277.5166199168513,0.3145609358472218,0.3277553645145213
301.16861716436244,0.31020339287934506,0.32430592494314975
309.5105008929595,0.29710468015983726,0.3189960705094909
255.91257366340957,0.33432295950171476,0.3447872237821432
342.0969786512288,0.32747887511748586,0.34293830283193855
280.13182540948014,0.28814349921071297,0.34015821249152334
278.84861274233435,0.3307523696238898,0.3303452640396271
272.96558313137484,0.30942432594471425,0.3396249068697699
311.5508633671686,0.3010331413893574,0.29996701328487624
265.3973699139572,0.2953513335313335,0.3239291494206927
306.7485054995147,0.324172304677911,0.3305619718430376
438.33015355509355,0.3159984328215326,0.321156903740668
297.3195269964329,0.29688780519597413,0.33278662616426113
278.2997630850676,0.29783353317503575,0.3657366207900431
216.61553859260493,0.304187153445796,0.3316901279730268
302.5110962382035,0.30231240931539427,0.3361701240389405
244.53845283751969,0.3179167046822894,0.33304107277705947
281.2220940514214,0.31568105489625714,0.3120293422832183
307.58037968235715,0.30046525145709285,0.3076792347414849
213.4505275088924,0.28513735862837614,0.3056972801085675
307.87313761992294,0.28999001099725363,0.3342161084898186
315.22575877130225,0.32305083263245676,0.29940955784897516
235.14499901666744,0.29507784289688543,0.33964297011940675
280.38454039354565,0.31166702798305895,0.3269679666999158
208.46668189110977,0.2835526369929685,0.33677887737194945
378.7750467921203,0.3159558975349451,0.31009903339891
316.52816382744226,0.3387928960835653,0.35328990637477126
291.02057495104486,0.29007899153496874,0.329113949618184
291.82820846719187,0.31824545903672086,0.30159952094475984
356.5721804032884,0.31408692899671914,0.3485028043891688
295.29172240396946,0.3237682591923121,0.3109007068469388
316.54083856378764,0.3080313952099651,0.311670905146839
375.93147801827473,0.31409237413097896,0.3120348904412956
282.6916425998901,0.312729611922242,0.3253450122977255
245.3682337746634,0.3185926422845614,0.33880851718895527
258.77497126231896,0.29741330942464533,0.33837212242204795
371.43319172196493,0.3128867314207674,0.3678205666876163
304.57141542570287,0.3221548839622679,0.32004907295333357
274.88343558651627,0.32751985887136914,0.32314987774600035
348.68221898995796,0.3174359337328551,0.309545420266073
349.89786928385803,0.29302065199058075,0.3135473906934523
276.21761160467804,0.28669632736719897,0.3468099885674362
251.40315814572747,0.31612938341260916,0.3224534390112456
221.4735699469395,0.2948253437024064,0.3367760485537944
210.30555395368816,0.3226650190912882,0.330480360635733
286.75067740770015,0.3056832345465832,0.3142464778797755
255.34020264816036,0.3251742391508947,0.31763701181352844
392.9237204903093,0.34188724936913184,0.3018724210764361
302.92688773475123,0.30906515987212696,0.3269554444161579
202.892522837442,0.3082599942029654,0.33118717974127176
370.9364637755031,0.3252023942380417,0.32543998625688786
308.0855154708798,0.32595857541684536,0.34490064540739024
335.24897401865525,0.33552412252169117,0.31013166825393174
334.1017388416705,0.31294854428974256,0.3306974781477946
314.82782836432693,0.3005069956248651,0.3149427516648239
326.1671315217272,0.3101157048588129,0.3357108081917825
311.9380335864853,0.30064556210320353,0.31654922493523174
244.68070470172813,0.31359714555143064,0.34218855871501874
318.3366099071237,0.29697640468199543,0.33956041777025386
351.195275249627,0.3235300968447741,0.3349906790974949
289.4971793677091,0.3204623523188191,0.3338735520271849
327.5651109034878,0.312085499558765,0.3342861582003982
320.9794572599031,0.3103836482013391,0.3349991909944135
390.78260319595535,0.30705335622728314,0.33797710059987157
287.36248496501196,0.3296838280528245,0.3246785146933152
285.3997918614879,0.3278112622403442,0.3131877814399972
294.15341299266254,0.3121857528186667,0.32934310391476906
294.8804462448155,0.2971502518434101,0.3376951242713571
186.36911445228492,0.2923472752121558,0.33767397336695076
267.8695079266714,0.31431431069556603,0.3559508291969687
314.9942533272887,0.30042907093875404,0.3225104387974082
299.58717426660735,0.3171390080856418,0.3088382455681351
260.0330422901434,0.3041995669394536,0.3218275701697628
266.76103739123096,0.32160631538857914,0.323661088298086
282.21934358515205,0.31311122866718305,0.31792564378953164
259.921410959879,0.3249707959292763,0.3144119098025595
274.34746947783,0.2764914212155856,0.32795442673283925
273.03049402607326,0.306594246312627,0.3289633280506819
344.76854233035885,0.3432518219990025,0.3144259273097805
350.8195634270538,0.27245258482394596,0.3128334607577066
346.67925471973365,0.32263978325927745,0.335549447146956
321.33508995876093,0.31627005611153414,0.33707380415411875
264.58387577932257,0.3292855158152385,0.3177200755643369
347.99152249968654,0.30739612306711556,0.3274199225865925
284.2874706740285,0.3278553165857932,0.3374493428912143
301.1526104129735,0.3282535870620817,0.33196142542363294
366.91102659652944,0.31295170139052164,0.35343871830793716
304.199642806582,0.29253982182445776,0.30986703852543
312.36420151188094,0.3236950680112282,0.3066484623661295
229.36102570017053,0.29539844507072244,0.3408424361663469
324.3504646883427,0.3079393514415338,0.3352517740180016
250.99966763487595,0.3242036236624379,0.3217793402543493
350.5969828183951,0.3263810155973605,0.34630888143195476
290.77004114135747,0.30478061540192536,0.3203253225470925
188.19155789914447,0.3194047440456067,0.3376781762238568
282.0989948718329,0.28686195079171795,0.3273083670487135
288.59827308570414,0.30291428648095886,0.3183745295591388
324.2737613039046,0.33203378343885664,0.3236416504877285
333.52561953235835,0.33015082071769164,0.3475728762738924
283.6117877639406,0.3200382075462368,0.3242063008460647
350.64340974269373,0.30787248271287193,0.3526238610658542
141.6472335673547,0.32270890474969266,0.3323314301525916
264.30055009873854,0.3096515771194332,0.32619607925006444
244.38178645814068,0.31252342911240094,0.3149361030177727
237.29082447075393,0.31132574362609167,0.3401475189269617
347.98531856737554,0.298367195409073,0.33309215404027614
341.45851995124247,0.3208888721697906,0.32882587425455734
261.2114989794889,0.29395079109137334,0.3314986171522704
358.902850197998,0.3216376728128464,0.32817849085810286
305.0733446226209,0.29559096294142123,0.3120507916677398
278.91579496124234,0.2991688642615377,0.3398173768453955
265.35386018137814,0.2673872896629509,0.3578572374100769
261.0864136768454,0.3076587482238745,0.3554703985003985
323.6387428724767,0.3128378346239404,0.33158307403061327
332.5077450483501,0.32240608762080203,0.32619720595195306
311.9250606093955,0.3296631401454802,0.3312696937561792
197.48911613084516,0.28764679858255854,0.32067909266385025
314.8179328026452,0.3247724123061984,0.33421546026801896
328.2698282019403,0.30303948619599763,0.33561732407814376
266.53971972677755,0.30891909852688554,0.3119563634477434
302.16252714491765,0.30842097466641366,0.32506722342480504
206.80578503496264,0.30325727993770457,0.3431130253742847
238.50154691601136,0.296651334146756,0.34350703111053454
283.78823258797365,0.31418825072820983,0.3111254167391002
284.5124427991947,0.32216717566984227,0.3464378233086213
317.58396858748006,0.2911034243086001,0.32571453876971546
240.65373067352948,0.3097081186544002,0.32959941997424574
282.93969676896637,0.30056481617969943,0.3275552400908553
275.51101097932957,0.3264388266672788,0.2982944190590323
326.4005236989604,0.31740369320417017,0.3363161017908418
371.0521384184166,0.33263057671638036,0.3058702987918261
386.04601599050375,0.286768524978263,0.3424511444835575
221.57799765843214,0.3255129490054174,0.3104685320951598
297.59929041247716,0.3124399811573286,0.34590260524966104
244.37353448776173,0.29912239825307096,0.33346617153426267
296.762752425688,0.31733805240338053,0.33912583999898027
321.14596398079743,0.33349049909241285,0.3192449078505238
304.0745449351706,0.33406921187009375,0.30286530652278015
297.54941506027694,0.32233327306384907,0.3152851243234075
374.1519587382651,0.2951259297126868,0.3348125037074791
336.0494695851954,0.31464795180133803,0.3368516309339512
286.3672769231108,0.3151363386411998,0.3170911117269086
301.21056804476467,0.3286302493396544,0.34988081910030683
343.54489033946993,0.3075268723147019,0.3297144300510585
330.48952530196397,0.31023357674523816,0.30539440319893374
278.7461948149589,0.30019736960603366,0.33403901769138544
211.23785794482154,0.32002130980955573,0.3184086861787289
240.76712536136552,0.3067688426626922,0.34233232388771023
307.29896125067575,0.31278967883133385,0.33337430245903155
210.67365736604972,0.3029567498067416,0.33225734824780045
292.3802750991786,0.3107085942059863,0.32566719134497396
277.3215411906236,0.29379380492534507,0.346848493265677
349.96264015236017,0.3124133375023817,0.3163663553651638
234.0978088262272,0.30096137163658526,0.33504428710582035
203.41155105495056,0.32048992831642364,0.3306292221705713
279.0179629194946,0.3377118012775679,0.3144984345094949
331.7381565796761,0.3226855186318221,0.32886997706267207
353.4959299463676,0.29320116229249577,0.3158070139072922
254.53364917200287,0.3046105492615224,0.3606064799181114
323.5131873798093,0.28585457373823797,0.3452387545983013
244.42847761188227,0.31020355092837965,0.3054931774722365
